{"cameraMode":{"drawMode":0,"name":"Shaded","section":"Shading Mode"},"sceneLighting":false,"audioPlay":false,"sceneViewState":{"showFog":true,"showMaterialUpdate":false,"showSkybox":false,"showFlares":true,"showImageEffects":true,"showParticleSystems":true,"showVisualEffectGraphs":true,"m_FxEnabled":true},"in2DMode":false,"pivot":{"x":-0.49892282485961916,"y":-0.14435529708862306,"z":0.06371068954467774},"rotation":{"x":0.1227070689201355,"y":-0.8762954473495483,"z":0.35102006793022158,"w":0.30632972717285159},"size":1.7440464496612549,"orthographic":true}