{"cameraMode":{"drawMode":0,"name":"Shaded","section":"Shading Mode"},"sceneLighting":true,"audioPlay":false,"sceneViewState":{"showFog":true,"showMaterialUpdate":false,"showSkybox":true,"showFlares":true,"showImageEffects":true,"showParticleSystems":true,"showVisualEffectGraphs":true,"m_FxEnabled":true},"in2DMode":false,"pivot":{"x":45.60134506225586,"y":2.0629920959472658,"z":82.27462005615235},"rotation":{"x":0.24242277443408967,"y":0.09207525104284287,"z":-0.023229459300637246,"w":0.9655462503433228},"size":1522.666259765625,"orthographic":false}